<?xml version='1.0' encoding='utf-8'?>
<project xmlns:xsi="http://www.w3.org/2001/XMLSchema-instance" xmlns="http://www.plcopen.org/xml/tc6_0201" xmlns:xhtml="http://www.w3.org/1999/xhtml" xsi:schemaLocation="http://www.plcopen.org/xml/tc6_0201">
  <fileHeader companyName="Blank" productName="Blank" productVersion="1.0" creationDateTime="2016-05-18T21:14:07"/>
  <contentHeader name="Blank Project" modificationDateTime="2016-12-05T09:44:41">
    <coordinateInfo>
      <fbd>
        <scaling x="10" y="10"/>
      </fbd>
      <ld>
        <scaling x="10" y="10"/>
      </ld>
      <sfc>
        <scaling x="10" y="10"/>
      </sfc>
    </coordinateInfo>
  </contentHeader>
  <types>
    <dataTypes/>
    <pous>
      <pou name="Cell1" pouType="program">
        <interface>
          <localVars>
            <variable name="R1_front" address="%IX0.2">
              <type>
                <BOOL/>
              </type>
              <initialValue>
                <simpleValue value="true"/>
              </initialValue>
            </variable>
            <variable name="R1_rear" address="%IX0.3">
              <type>
                <BOOL/>
              </type>
              <initialValue>
                <simpleValue value="true"/>
              </initialValue>
            </variable>
            <variable name="C1_endIR" address="%IX0.4">
              <type>
                <BOOL/>
              </type>
              <initialValue>
                <simpleValue value="true"/>
              </initialValue>
            </variable>
            <variable name="C1_startIR" address="%IX0.5">
              <type>
                <BOOL/>
              </type>
              <initialValue>
                <simpleValue value="true"/>
              </initialValue>
            </variable>
            <variable name="Main" address="%IX0.6">
              <type>
                <BOOL/>
              </type>
              <initialValue>
                <simpleValue value="false"/>
              </initialValue>
            </variable>
            <variable name="R1_fwd_motor" address="%QX0.2">
              <type>
                <BOOL/>
              </type>
              <initialValue>
                <simpleValue value="true"/>
              </initialValue>
            </variable>
            <variable name="R1_bwd_motor" address="%QX0.3">
              <type>
                <BOOL/>
              </type>
              <initialValue>
                <simpleValue value="true"/>
              </initialValue>
            </variable>
            <variable name="C1_motor" address="%QX0.4">
              <type>
                <BOOL/>
              </type>
              <initialValue>
                <simpleValue value="true"/>
              </initialValue>
            </variable>
          </localVars>
          <localVars>
            <variable name="C1_working">
              <type>
                <BOOL/>
              </type>
              <initialValue>
                <simpleValue value="false"/>
              </initialValue>
            </variable>
          </localVars>
          <localVars>
            <variable name="C1_working_int" address="%MD1">
              <type>
                <DINT/>
              </type>
              <initialValue>
                <simpleValue value="0"/>
              </initialValue>
            </variable>
          </localVars>
          <localVars>
            <variable name="R1_in_transit">
              <type>
                <BOOL/>
              </type>
              <initialValue>
                <simpleValue value="false"/>
              </initialValue>
            </variable>
          </localVars>
          <localVars>
            <variable name="R1_in_transit_int" address="%MD3">
              <type>
                <DINT/>
              </type>
              <initialValue>
                <simpleValue value="0"/>
              </initialValue>
            </variable>
          </localVars>
          <localVars>
            <variable name="R1_fwd">
              <type>
                <BOOL/>
              </type>
              <initialValue>
                <simpleValue value="false"/>
              </initialValue>
            </variable>
          </localVars>
          <localVars>
            <variable name="R1_fwd_int" address="%MD4">
              <type>
                <DINT/>
              </type>
              <initialValue>
                <simpleValue value="0"/>
              </initialValue>
            </variable>
          </localVars>
          <localVars>
            <variable name="R1_bwd">
              <type>
                <BOOL/>
              </type>
              <initialValue>
                <simpleValue value="false"/>
              </initialValue>
            </variable>
          </localVars>
          <localVars>
            <variable name="R1_bwd_int" address="%MD5">
              <type>
                <DINT/>
              </type>
              <initialValue>
                <simpleValue value="0"/>
              </initialValue>
            </variable>
          </localVars>
          <localVars>
            <variable name="Timer_in_transit">
              <type>
                <derived name="TON"/>
              </type>
            </variable>
          </localVars>
        </interface>
        <body>
          <LD>
            <comment localId="1" height="50" width="690">
              <position x="40" y="0"/>
              <content>
                <xhtml:p><![CDATA[Manufacturing cell 1: Conveyor 1 and ram 1
Note: all inputs and outputs wired normally closed]]></xhtml:p>
              </content>
            </comment>
            <leftPowerRail localId="9" height="40" width="10">
              <position x="10" y="310"/>
              <connectionPointOut formalParameter="">
                <relPosition x="10" y="20"/>
              </connectionPointOut>
            </leftPowerRail>
            <rightPowerRail localId="10" height="40" width="10">
              <position x="730" y="310"/>
              <connectionPointIn>
                <relPosition x="0" y="20"/>
                <connection refLocalId="3">
                  <position x="730" y="330"/>
                  <position x="620" y="330"/>
                </connection>
              </connectionPointIn>
            </rightPowerRail>
            <coil localId="3" height="20" width="30" negated="true">
              <position x="590" y="320"/>
              <connectionPointIn>
                <relPosition x="0" y="10"/>
                <connection refLocalId="4">
                  <position x="590" y="330"/>
                  <position x="180" y="330"/>
                </connection>
              </connectionPointIn>
              <connectionPointOut>
                <relPosition x="30" y="10"/>
              </connectionPointOut>
              <variable>R1_fwd_motor</variable>
            </coil>
            <coil localId="14" height="20" width="30" negated="true">
              <position x="590" y="440"/>
              <connectionPointIn>
                <relPosition x="0" y="10"/>
                <connection refLocalId="13">
                  <position x="590" y="450"/>
                  <position x="180" y="450"/>
                </connection>
              </connectionPointIn>
              <connectionPointOut>
                <relPosition x="30" y="10"/>
              </connectionPointOut>
              <variable>R1_bwd_motor</variable>
            </coil>
            <leftPowerRail localId="17" height="40" width="10">
              <position x="10" y="430"/>
              <connectionPointOut formalParameter="">
                <relPosition x="10" y="20"/>
              </connectionPointOut>
            </leftPowerRail>
            <rightPowerRail localId="19" height="40" width="10">
              <position x="730" y="430"/>
              <connectionPointIn>
                <relPosition x="0" y="20"/>
                <connection refLocalId="14">
                  <position x="730" y="450"/>
                  <position x="620" y="450"/>
                </connection>
              </connectionPointIn>
            </rightPowerRail>
            <contact localId="33" height="20" width="30" negated="true">
              <position x="60" y="320"/>
              <connectionPointIn>
                <relPosition x="0" y="10"/>
                <connection refLocalId="9">
                  <position x="60" y="330"/>
                  <position x="20" y="330"/>
                </connection>
              </connectionPointIn>
              <connectionPointOut>
                <relPosition x="30" y="10"/>
              </connectionPointOut>
              <variable>Main</variable>
            </contact>
            <contact localId="34" height="20" width="30" negated="true">
              <position x="60" y="440"/>
              <connectionPointIn>
                <relPosition x="0" y="10"/>
                <connection refLocalId="17">
                  <position x="60" y="450"/>
                  <position x="20" y="450"/>
                </connection>
              </connectionPointIn>
              <connectionPointOut>
                <relPosition x="30" y="10"/>
              </connectionPointOut>
              <variable>Main</variable>
            </contact>
            <leftPowerRail localId="25" height="40" width="10">
              <position x="10" y="70"/>
              <connectionPointOut formalParameter="">
                <relPosition x="10" y="20"/>
              </connectionPointOut>
            </leftPowerRail>
            <contact localId="38" height="20" width="30" negated="true">
              <position x="90" y="80"/>
              <connectionPointIn>
                <relPosition x="0" y="10"/>
                <connection refLocalId="25">
                  <position x="90" y="90"/>
                  <position x="20" y="90"/>
                </connection>
              </connectionPointIn>
              <connectionPointOut>
                <relPosition x="30" y="10"/>
              </connectionPointOut>
              <variable>C1_startIR</variable>
            </contact>
            <coil localId="39" height="20" width="30" storage="set" negated="false">
              <position x="590" y="80"/>
              <connectionPointIn>
                <relPosition x="0" y="10"/>
                <connection refLocalId="38">
                  <position x="590" y="90"/>
                  <position x="120" y="90"/>
                </connection>
              </connectionPointIn>
              <connectionPointOut>
                <relPosition x="30" y="10"/>
              </connectionPointOut>
              <variable>C1_working</variable>
            </coil>
            <rightPowerRail localId="58" height="40" width="10">
              <position x="730" y="70"/>
              <connectionPointIn>
                <relPosition x="0" y="20"/>
                <connection refLocalId="39">
                  <position x="730" y="90"/>
                  <position x="620" y="90"/>
                </connection>
              </connectionPointIn>
            </rightPowerRail>
            <leftPowerRail localId="40" height="40" width="10">
              <position x="10" y="110"/>
              <connectionPointOut formalParameter="">
                <relPosition x="10" y="20"/>
              </connectionPointOut>
            </leftPowerRail>
            <contact localId="41" height="20" width="30" negated="true">
              <position x="60" y="120"/>
              <connectionPointIn>
                <relPosition x="0" y="10"/>
                <connection refLocalId="40">
                  <position x="60" y="130"/>
                  <position x="20" y="130"/>
                </connection>
              </connectionPointIn>
              <connectionPointOut>
                <relPosition x="30" y="10"/>
              </connectionPointOut>
              <variable>Main</variable>
            </contact>
            <contact localId="42" height="20" width="30" negated="false">
              <position x="150" y="120"/>
              <connectionPointIn>
                <relPosition x="0" y="10"/>
                <connection refLocalId="41">
                  <position x="150" y="130"/>
                  <position x="90" y="130"/>
                </connection>
              </connectionPointIn>
              <connectionPointOut>
                <relPosition x="30" y="10"/>
              </connectionPointOut>
              <variable>C1_working</variable>
            </contact>
            <coil localId="43" height="20" width="30" negated="true">
              <position x="590" y="120"/>
              <connectionPointIn>
                <relPosition x="0" y="10"/>
                <connection refLocalId="42">
                  <position x="590" y="130"/>
                  <position x="180" y="130"/>
                </connection>
              </connectionPointIn>
              <connectionPointOut>
                <relPosition x="30" y="10"/>
              </connectionPointOut>
              <variable>C1_motor</variable>
            </coil>
            <rightPowerRail localId="59" height="40" width="10">
              <position x="730" y="110"/>
              <connectionPointIn>
                <relPosition x="0" y="20"/>
                <connection refLocalId="43">
                  <position x="730" y="130"/>
                  <position x="620" y="130"/>
                </connection>
              </connectionPointIn>
            </rightPowerRail>
            <leftPowerRail localId="44" height="40" width="10">
              <position x="10" y="150"/>
              <connectionPointOut formalParameter="">
                <relPosition x="10" y="20"/>
              </connectionPointOut>
            </leftPowerRail>
            <contact localId="45" height="20" width="30" negated="true">
              <position x="90" y="160"/>
              <connectionPointIn>
                <relPosition x="0" y="10"/>
                <connection refLocalId="44">
                  <position x="90" y="170"/>
                  <position x="20" y="170"/>
                </connection>
              </connectionPointIn>
              <connectionPointOut>
                <relPosition x="30" y="10"/>
              </connectionPointOut>
              <variable>C1_endIR</variable>
            </contact>
            <coil localId="46" height="20" width="30" storage="set" negated="false">
              <position x="590" y="160"/>
              <connectionPointIn>
                <relPosition x="0" y="10"/>
                <connection refLocalId="45">
                  <position x="590" y="170"/>
                  <position x="120" y="170"/>
                </connection>
              </connectionPointIn>
              <connectionPointOut>
                <relPosition x="30" y="10"/>
              </connectionPointOut>
              <variable>R1_in_transit</variable>
            </coil>
            <rightPowerRail localId="47" height="40" width="10">
              <position x="730" y="150"/>
              <connectionPointIn>
                <relPosition x="0" y="20"/>
                <connection refLocalId="46">
                  <position x="730" y="170"/>
                  <position x="620" y="170"/>
                </connection>
              </connectionPointIn>
            </rightPowerRail>
            <leftPowerRail localId="48" height="40" width="10">
              <position x="10" y="210"/>
              <connectionPointOut formalParameter="">
                <relPosition x="10" y="20"/>
              </connectionPointOut>
            </leftPowerRail>
            <contact localId="49" height="20" width="30" negated="false">
              <position x="60" y="220"/>
              <connectionPointIn>
                <relPosition x="0" y="10"/>
                <connection refLocalId="48">
                  <position x="60" y="230"/>
                  <position x="20" y="230"/>
                </connection>
              </connectionPointIn>
              <connectionPointOut>
                <relPosition x="30" y="10"/>
              </connectionPointOut>
              <variable>C1_working</variable>
            </contact>
            <contact localId="50" height="20" width="30" negated="false">
              <position x="150" y="220"/>
              <connectionPointIn>
                <relPosition x="0" y="10"/>
                <connection refLocalId="49">
                  <position x="150" y="230"/>
                  <position x="90" y="230"/>
                </connection>
              </connectionPointIn>
              <connectionPointOut>
                <relPosition x="30" y="10"/>
              </connectionPointOut>
              <variable>R1_in_transit</variable>
            </contact>
            <inVariable localId="52" height="30" width="70" negated="false">
              <position x="230" y="260"/>
              <connectionPointOut>
                <relPosition x="70" y="20"/>
              </connectionPointOut>
              <expression>T#1000ms</expression>
            </inVariable>
            <block localId="51" width="40" height="60" typeName="TON" instanceName="Timer_in_transit">
              <position x="340" y="200"/>
              <inputVariables>
                <variable formalParameter="IN">
                  <connectionPointIn>
                    <relPosition x="0" y="30"/>
                    <connection refLocalId="50">
                      <position x="340" y="230"/>
                      <position x="180" y="230"/>
                    </connection>
                  </connectionPointIn>
                </variable>
                <variable formalParameter="PT">
                  <connectionPointIn>
                    <relPosition x="0" y="50"/>
                    <connection refLocalId="52">
                      <position x="340" y="250"/>
                      <position x="330" y="250"/>
                      <position x="330" y="280"/>
                      <position x="300" y="280"/>
                    </connection>
                  </connectionPointIn>
                </variable>
              </inputVariables>
              <inOutVariables/>
              <outputVariables>
                <variable formalParameter="Q">
                  <connectionPointOut>
                    <relPosition x="40" y="30"/>
                  </connectionPointOut>
                </variable>
                <variable formalParameter="ET">
                  <connectionPointOut>
                    <relPosition x="40" y="50"/>
                  </connectionPointOut>
                </variable>
              </outputVariables>
            </block>
            <coil localId="53" height="20" width="30" storage="reset" negated="false">
              <position x="590" y="240"/>
              <connectionPointIn>
                <relPosition x="0" y="10"/>
                <connection refLocalId="51" formalParameter="Q">
                  <position x="590" y="250"/>
                  <position x="420" y="250"/>
                  <position x="420" y="230"/>
                  <position x="380" y="230"/>
                </connection>
              </connectionPointIn>
              <connectionPointOut>
                <relPosition x="30" y="10"/>
              </connectionPointOut>
              <variable>C1_working</variable>
            </coil>
            <coil localId="54" height="20" width="30" storage="reset" negated="false">
              <position x="590" y="280"/>
              <connectionPointIn>
                <relPosition x="0" y="10"/>
                <connection refLocalId="51" formalParameter="Q">
                  <position x="590" y="290"/>
                  <position x="420" y="290"/>
                  <position x="420" y="230"/>
                  <position x="380" y="230"/>
                </connection>
              </connectionPointIn>
              <connectionPointOut>
                <relPosition x="30" y="10"/>
              </connectionPointOut>
              <variable>R1_in_transit</variable>
            </coil>
            <rightPowerRail localId="60" height="120" width="10">
              <position x="730" y="190"/>
              <connectionPointIn>
                <relPosition x="0" y="20"/>
                <connection refLocalId="2">
                  <position x="730" y="210"/>
                  <position x="620" y="210"/>
                </connection>
              </connectionPointIn>
              <connectionPointIn>
                <relPosition x="0" y="60"/>
                <connection refLocalId="53">
                  <position x="730" y="250"/>
                  <position x="620" y="250"/>
                </connection>
              </connectionPointIn>
              <connectionPointIn>
                <relPosition x="0" y="100"/>
                <connection refLocalId="54">
                  <position x="730" y="290"/>
                  <position x="620" y="290"/>
                </connection>
              </connectionPointIn>
            </rightPowerRail>
            <contact localId="4" height="20" width="30" negated="false">
              <position x="150" y="320"/>
              <connectionPointIn>
                <relPosition x="0" y="10"/>
                <connection refLocalId="33">
                  <position x="150" y="330"/>
                  <position x="90" y="330"/>
                </connection>
              </connectionPointIn>
              <connectionPointOut>
                <relPosition x="30" y="10"/>
              </connectionPointOut>
              <variable>R1_fwd</variable>
            </contact>
            <leftPowerRail localId="5" height="40" width="10">
              <position x="10" y="360"/>
              <connectionPointOut formalParameter="">
                <relPosition x="10" y="20"/>
              </connectionPointOut>
            </leftPowerRail>
            <contact localId="6" height="20" width="30" negated="false">
              <position x="60" y="370"/>
              <connectionPointIn>
                <relPosition x="0" y="10"/>
                <connection refLocalId="5">
                  <position x="60" y="380"/>
                  <position x="20" y="380"/>
                </connection>
              </connectionPointIn>
              <connectionPointOut>
                <relPosition x="30" y="10"/>
              </connectionPointOut>
              <variable>R1_fwd</variable>
            </contact>
            <contact localId="7" height="20" width="30" negated="true">
              <position x="150" y="370"/>
              <connectionPointIn>
                <relPosition x="0" y="10"/>
                <connection refLocalId="6">
                  <position x="150" y="380"/>
                  <position x="90" y="380"/>
                </connection>
              </connectionPointIn>
              <connectionPointOut>
                <relPosition x="30" y="10"/>
              </connectionPointOut>
              <variable>R1_front</variable>
            </contact>
            <coil localId="8" height="20" width="30" storage="reset" negated="false">
              <position x="590" y="400"/>
              <connectionPointIn>
                <relPosition x="0" y="10"/>
                <connection refLocalId="7">
                  <position x="590" y="410"/>
                  <position x="420" y="410"/>
                  <position x="420" y="380"/>
                  <position x="180" y="380"/>
                </connection>
              </connectionPointIn>
              <connectionPointOut>
                <relPosition x="30" y="10"/>
              </connectionPointOut>
              <variable>R1_fwd</variable>
            </coil>
            <coil localId="11" height="20" width="30" storage="set" negated="false">
              <position x="590" y="360"/>
              <connectionPointIn>
                <relPosition x="0" y="10"/>
                <connection refLocalId="7">
                  <position x="590" y="370"/>
                  <position x="420" y="370"/>
                  <position x="420" y="380"/>
                  <position x="180" y="380"/>
                </connection>
              </connectionPointIn>
              <connectionPointOut>
                <relPosition x="30" y="10"/>
              </connectionPointOut>
              <variable>R1_bwd</variable>
            </coil>
            <rightPowerRail localId="12" height="80" width="10">
              <position x="730" y="350"/>
              <connectionPointIn>
                <relPosition x="0" y="20"/>
                <connection refLocalId="11">
                  <position x="730" y="370"/>
                  <position x="620" y="370"/>
                </connection>
              </connectionPointIn>
              <connectionPointIn>
                <relPosition x="0" y="60"/>
                <connection refLocalId="8">
                  <position x="730" y="410"/>
                  <position x="620" y="410"/>
                </connection>
              </connectionPointIn>
            </rightPowerRail>
            <contact localId="13" height="20" width="30" negated="false">
              <position x="150" y="440"/>
              <connectionPointIn>
                <relPosition x="0" y="10"/>
                <connection refLocalId="34">
                  <position x="150" y="450"/>
                  <position x="90" y="450"/>
                </connection>
              </connectionPointIn>
              <connectionPointOut>
                <relPosition x="30" y="10"/>
              </connectionPointOut>
              <variable>R1_bwd</variable>
            </contact>
            <leftPowerRail localId="15" height="40" width="10">
              <position x="10" y="470"/>
              <connectionPointOut formalParameter="">
                <relPosition x="10" y="20"/>
              </connectionPointOut>
            </leftPowerRail>
            <contact localId="16" height="20" width="30" negated="false">
              <position x="60" y="480"/>
              <connectionPointIn>
                <relPosition x="0" y="10"/>
                <connection refLocalId="15">
                  <position x="60" y="490"/>
                  <position x="20" y="490"/>
                </connection>
              </connectionPointIn>
              <connectionPointOut>
                <relPosition x="30" y="10"/>
              </connectionPointOut>
              <variable>R1_bwd</variable>
            </contact>
            <contact localId="18" height="20" width="30" negated="true">
              <position x="150" y="480"/>
              <connectionPointIn>
                <relPosition x="0" y="10"/>
                <connection refLocalId="16">
                  <position x="150" y="490"/>
                  <position x="90" y="490"/>
                </connection>
              </connectionPointIn>
              <connectionPointOut>
                <relPosition x="30" y="10"/>
              </connectionPointOut>
              <variable>R1_rear</variable>
            </contact>
            <coil localId="20" height="20" width="30" storage="reset" negated="false">
              <position x="590" y="480"/>
              <connectionPointIn>
                <relPosition x="0" y="10"/>
                <connection refLocalId="18">
                  <position x="590" y="490"/>
                  <position x="180" y="490"/>
                </connection>
              </connectionPointIn>
              <connectionPointOut>
                <relPosition x="30" y="10"/>
              </connectionPointOut>
              <variable>R1_bwd</variable>
            </coil>
            <rightPowerRail localId="21" height="40" width="10">
              <position x="730" y="470"/>
              <connectionPointIn>
                <relPosition x="0" y="20"/>
                <connection refLocalId="20">
                  <position x="730" y="490"/>
                  <position x="620" y="490"/>
                </connection>
              </connectionPointIn>
            </rightPowerRail>
            <leftPowerRail localId="26" height="40" width="10" executionOrderId="0">
              <position x="10" y="520"/>
              <connectionPointOut formalParameter="">
                <relPosition x="10" y="20"/>
              </connectionPointOut>
            </leftPowerRail>
            <block localId="27" typeName="BOOL_TO_DINT" height="60" width="90" executionOrderId="0">
              <position x="168" y="510"/>
              <inputVariables>
                <variable formalParameter="EN">
                  <connectionPointIn>
                    <relPosition x="0" y="30"/>
                    <connection refLocalId="26">
                      <position x="168" y="540"/>
                      <position x="20" y="540"/>
                    </connection>
                  </connectionPointIn>
                </variable>
                <variable formalParameter="IN">
                  <connectionPointIn>
                    <relPosition x="0" y="50"/>
                    <connection refLocalId="29">
                      <position x="168" y="560"/>
                      <position x="144" y="560"/>
                      <position x="144" y="580"/>
                      <position x="120" y="580"/>
                    </connection>
                  </connectionPointIn>
                </variable>
              </inputVariables>
              <inOutVariables/>
              <outputVariables>
                <variable formalParameter="ENO">
                  <connectionPointOut>
                    <relPosition x="90" y="30"/>
                  </connectionPointOut>
                </variable>
                <variable formalParameter="OUT">
                  <connectionPointOut>
                    <relPosition x="90" y="50"/>
                  </connectionPointOut>
                </variable>
              </outputVariables>
            </block>
            <outVariable localId="28" height="30" width="90" negated="false" executionOrderId="0">
              <position x="300" y="560"/>
              <connectionPointIn>
                <relPosition x="0" y="20"/>
                <connection refLocalId="27" formalParameter="OUT">
                  <position x="300" y="580"/>
                  <position x="284" y="580"/>
                  <position x="284" y="560"/>
                  <position x="258" y="560"/>
                </connection>
              </connectionPointIn>
              <expression>C1_working_int</expression>
            </outVariable>
            <inVariable localId="29" height="30" width="70" negated="false" executionOrderId="0">
              <position x="50" y="560"/>
              <connectionPointOut>
                <relPosition x="70" y="20"/>
              </connectionPointOut>
              <expression>C1_working</expression>
            </inVariable>
            <leftPowerRail localId="36" height="40" width="10" executionOrderId="0">
              <position x="10" y="590"/>
              <connectionPointOut formalParameter="">
                <relPosition x="10" y="20"/>
              </connectionPointOut>
            </leftPowerRail>
            <block localId="37" typeName="BOOL_TO_DINT" height="60" width="90" executionOrderId="0">
              <position x="168" y="580"/>
              <inputVariables>
                <variable formalParameter="EN">
                  <connectionPointIn>
                    <relPosition x="0" y="30"/>
                    <connection refLocalId="36">
                      <position x="168" y="610"/>
                      <position x="20" y="610"/>
                    </connection>
                  </connectionPointIn>
                </variable>
                <variable formalParameter="IN">
                  <connectionPointIn>
                    <relPosition x="0" y="50"/>
                    <connection refLocalId="56">
                      <position x="168" y="630"/>
                      <position x="144" y="630"/>
                      <position x="144" y="650"/>
                      <position x="120" y="650"/>
                    </connection>
                  </connectionPointIn>
                </variable>
              </inputVariables>
              <inOutVariables/>
              <outputVariables>
                <variable formalParameter="ENO">
                  <connectionPointOut>
                    <relPosition x="90" y="30"/>
                  </connectionPointOut>
                </variable>
                <variable formalParameter="OUT">
                  <connectionPointOut>
                    <relPosition x="90" y="50"/>
                  </connectionPointOut>
                </variable>
              </outputVariables>
            </block>
            <outVariable localId="55" height="30" width="90" negated="false" executionOrderId="0">
              <position x="300" y="630"/>
              <connectionPointIn>
                <relPosition x="0" y="20"/>
                <connection refLocalId="37" formalParameter="OUT">
                  <position x="300" y="650"/>
                  <position x="284" y="650"/>
                  <position x="284" y="630"/>
                  <position x="258" y="630"/>
                </connection>
              </connectionPointIn>
              <expression>R1_in_transit_int</expression>
            </outVariable>
            <inVariable localId="56" height="30" width="70" negated="false" executionOrderId="0">
              <position x="50" y="630"/>
              <connectionPointOut>
                <relPosition x="70" y="20"/>
              </connectionPointOut>
              <expression>R1_in_transit</expression>
            </inVariable>
            <leftPowerRail localId="57" height="40" width="10" executionOrderId="0">
              <position x="10" y="670"/>
              <connectionPointOut formalParameter="">
                <relPosition x="10" y="20"/>
              </connectionPointOut>
            </leftPowerRail>
            <block localId="61" typeName="BOOL_TO_DINT" height="60" width="90" executionOrderId="0">
              <position x="168" y="660"/>
              <inputVariables>
                <variable formalParameter="EN">
                  <connectionPointIn>
                    <relPosition x="0" y="30"/>
                    <connection refLocalId="57">
                      <position x="168" y="690"/>
                      <position x="20" y="690"/>
                    </connection>
                  </connectionPointIn>
                </variable>
                <variable formalParameter="IN">
                  <connectionPointIn>
                    <relPosition x="0" y="50"/>
                    <connection refLocalId="65">
                      <position x="168" y="710"/>
                      <position x="144" y="710"/>
                      <position x="144" y="730"/>
                      <position x="130" y="730"/>
                    </connection>
                  </connectionPointIn>
                </variable>
              </inputVariables>
              <inOutVariables/>
              <outputVariables>
                <variable formalParameter="ENO">
                  <connectionPointOut>
                    <relPosition x="90" y="30"/>
                  </connectionPointOut>
                </variable>
                <variable formalParameter="OUT">
                  <connectionPointOut>
                    <relPosition x="90" y="50"/>
                  </connectionPointOut>
                </variable>
              </outputVariables>
            </block>
            <outVariable localId="62" height="30" width="90" negated="false" executionOrderId="0">
              <position x="300" y="710"/>
              <connectionPointIn>
                <relPosition x="0" y="20"/>
                <connection refLocalId="61" formalParameter="OUT">
                  <position x="300" y="730"/>
                  <position x="284" y="730"/>
                  <position x="284" y="710"/>
                  <position x="258" y="710"/>
                </connection>
              </connectionPointIn>
              <expression>R1_fwd_int</expression>
            </outVariable>
            <inVariable localId="65" height="30" width="80" negated="false" executionOrderId="0">
              <position x="50" y="710"/>
              <connectionPointOut>
                <relPosition x="80" y="20"/>
              </connectionPointOut>
              <expression>R1_fwd</expression>
            </inVariable>
            <leftPowerRail localId="66" height="40" width="10" executionOrderId="0">
              <position x="10" y="750"/>
              <connectionPointOut formalParameter="">
                <relPosition x="10" y="20"/>
              </connectionPointOut>
            </leftPowerRail>
            <block localId="67" typeName="BOOL_TO_DINT" height="60" width="90" executionOrderId="0">
              <position x="168" y="740"/>
              <inputVariables>
                <variable formalParameter="EN">
                  <connectionPointIn>
                    <relPosition x="0" y="30"/>
                    <connection refLocalId="66">
                      <position x="168" y="770"/>
                      <position x="20" y="770"/>
                    </connection>
                  </connectionPointIn>
                </variable>
                <variable formalParameter="IN">
                  <connectionPointIn>
                    <relPosition x="0" y="50"/>
                    <connection refLocalId="70">
                      <position x="168" y="790"/>
                      <position x="144" y="790"/>
                      <position x="144" y="810"/>
                      <position x="130" y="810"/>
                    </connection>
                  </connectionPointIn>
                </variable>
              </inputVariables>
              <inOutVariables/>
              <outputVariables>
                <variable formalParameter="ENO">
                  <connectionPointOut>
                    <relPosition x="90" y="30"/>
                  </connectionPointOut>
                </variable>
                <variable formalParameter="OUT">
                  <connectionPointOut>
                    <relPosition x="90" y="50"/>
                  </connectionPointOut>
                </variable>
              </outputVariables>
            </block>
            <outVariable localId="69" height="30" width="90" negated="false" executionOrderId="0">
              <position x="300" y="790"/>
              <connectionPointIn>
                <relPosition x="0" y="20"/>
                <connection refLocalId="67" formalParameter="OUT">
                  <position x="300" y="810"/>
                  <position x="284" y="810"/>
                  <position x="284" y="790"/>
                  <position x="258" y="790"/>
                </connection>
              </connectionPointIn>
              <expression>R1_bwd_int</expression>
            </outVariable>
            <inVariable localId="70" height="30" width="80" negated="false" executionOrderId="0">
              <position x="50" y="790"/>
              <connectionPointOut>
                <relPosition x="80" y="20"/>
              </connectionPointOut>
              <expression>R1_bwd</expression>
            </inVariable>
            <rightPowerRail localId="100" height="40" width="10">
              <position x="430" y="520"/>
              <connectionPointIn>
                <relPosition x="0" y="20"/>
                <connection refLocalId="27" formalParameter="ENO">
                  <position x="430" y="540"/>
                  <position x="258" y="540"/>
                </connection>
              </connectionPointIn>
            </rightPowerRail>
            <rightPowerRail localId="102" height="40" width="10">
              <position x="430" y="590"/>
              <connectionPointIn>
                <relPosition x="0" y="20"/>
                <connection refLocalId="37" formalParameter="ENO">
                  <position x="430" y="610"/>
                  <position x="258" y="610"/>
                </connection>
              </connectionPointIn>
            </rightPowerRail>
            <rightPowerRail localId="103" height="40" width="10">
              <position x="430" y="670"/>
              <connectionPointIn>
                <relPosition x="0" y="20"/>
                <connection refLocalId="61" formalParameter="ENO">
                  <position x="430" y="690"/>
                  <position x="258" y="690"/>
                </connection>
              </connectionPointIn>
            </rightPowerRail>
            <rightPowerRail localId="104" height="40" width="10">
              <position x="430" y="750"/>
              <connectionPointIn>
                <relPosition x="0" y="20"/>
                <connection refLocalId="67" formalParameter="ENO">
                  <position x="430" y="770"/>
                  <position x="258" y="770"/>
                </connection>
              </connectionPointIn>
            </rightPowerRail>
            <coil localId="2" height="20" width="30" storage="set" negated="false" executionOrderId="0">
              <position x="590" y="200"/>
              <connectionPointIn>
                <relPosition x="0" y="10"/>
                <connection refLocalId="51" formalParameter="Q">
                  <position x="590" y="210"/>
                  <position x="420" y="210"/>
                  <position x="420" y="230"/>
                  <position x="380" y="230"/>
                </connection>
              </connectionPointIn>
              <connectionPointOut>
                <relPosition x="30" y="10"/>
              </connectionPointOut>
              <variable>R1_fwd</variable>
            </coil>
          </LD>
        </body>
      </pou>
    </pous>
  </types>
  <instances>
    <configurations>
      <configuration name="Config0">
        <resource name="Res0">
          <task name="TaskMain" interval="T#50ms" priority="0">
            <pouInstance name="Inst0" typeName="Cell1"/>
          </task>
        </resource>
      </configuration>
    </configurations>
  </instances>
</project>
