<?xml version='1.0' encoding='utf-8'?>
<project xmlns:xsi="http://www.w3.org/2001/XMLSchema-instance" xmlns="http://www.plcopen.org/xml/tc6_0201" xmlns:xhtml="http://www.w3.org/1999/xhtml" xsi:schemaLocation="http://www.plcopen.org/xml/tc6_0201">
  <fileHeader companyName="Blank" productName="Blank" productVersion="1.0" creationDateTime="2016-05-18T21:14:07"/>
  <contentHeader name="Blank Project" modificationDateTime="2016-11-21T18:27:12">
    <coordinateInfo>
      <fbd>
        <scaling x="10" y="10"/>
      </fbd>
      <ld>
        <scaling x="10" y="10"/>
      </ld>
      <sfc>
        <scaling x="10" y="10"/>
      </sfc>
    </coordinateInfo>
  </contentHeader>
  <types>
    <dataTypes/>
    <pous>
      <pou name="Cell3" pouType="program">
        <interface>
          <localVars>
            <variable name="C2_IR" address="%IX0.3">
              <type>
                <BOOL/>
              </type>
              <initialValue>
                <simpleValue value="true"/>
              </initialValue>
            </variable>
            <variable name="M2_IR" address="%IX0.4">
              <type>
                <BOOL/>
              </type>
              <initialValue>
                <simpleValue value="true"/>
              </initialValue>
            </variable>
            <variable name="Main" address="%IX0.6">
              <type>
                <BOOL/>
              </type>
              <initialValue>
                <simpleValue value="true"/>
              </initialValue>
            </variable>
            <variable name="M2_motor" address="%QX0.2">
              <type>
                <BOOL/>
              </type>
              <initialValue>
                <simpleValue value="true"/>
              </initialValue>
            </variable>
            <variable name="C3_motor" address="%QX0.4">
              <type>
                <BOOL/>
              </type>
              <initialValue>
                <simpleValue value="true"/>
              </initialValue>
            </variable>
          </localVars>
          <localVars>
            <variable name="C3_working">
              <type>
                <BOOL/>
              </type>
              <initialValue>
                <simpleValue value="false"/>
              </initialValue>
            </variable>
          </localVars>
          <localVars>
            <variable name="C3_working_int" address="%MD1">
              <type>
                <DINT/>
              </type>
              <initialValue>
                <simpleValue value="0"/>
              </initialValue>
            </variable>
          </localVars>
          <localVars>
            <variable name="M2_working">
              <type>
                <BOOL/>
              </type>
              <initialValue>
                <simpleValue value="false"/>
              </initialValue>
            </variable>
          </localVars>
          <localVars>
            <variable name="M2_working_int" address="%MD3">
              <type>
                <DINT/>
              </type>
              <initialValue>
                <simpleValue value="0"/>
              </initialValue>
            </variable>
          </localVars>
          <localVars>
            <variable name="Timer_conveyor">
              <type>
                <derived name="TON"/>
              </type>
            </variable>
            <variable name="Timer_machining">
              <type>
                <derived name="TON"/>
              </type>
            </variable>
          </localVars>
        </interface>
        <body>
          <LD>
            <comment localId="1" height="60" width="690">
              <position x="40" y="0"/>
              <content>
                <xhtml:p><![CDATA[Manufacturing cell 3: Conveyor 3 and machining station 2
All inputs and outputs wired normally closed]]></xhtml:p>
              </content>
            </comment>
            <leftPowerRail localId="15" height="40" width="10">
              <position x="20" y="70"/>
              <connectionPointOut formalParameter="">
                <relPosition x="10" y="20"/>
              </connectionPointOut>
            </leftPowerRail>
            <contact localId="16" height="20" width="30" negated="true">
              <position x="70" y="80"/>
              <connectionPointIn>
                <relPosition x="0" y="10"/>
                <connection refLocalId="15">
                  <position x="70" y="90"/>
                  <position x="30" y="90"/>
                </connection>
              </connectionPointIn>
              <connectionPointOut>
                <relPosition x="30" y="10"/>
              </connectionPointOut>
              <variable>C2_IR</variable>
            </contact>
            <rightPowerRail localId="21" height="40" width="10">
              <position x="730" y="70"/>
              <connectionPointIn>
                <relPosition x="0" y="20"/>
                <connection refLocalId="59">
                  <position x="730" y="90"/>
                  <position x="670" y="90"/>
                </connection>
              </connectionPointIn>
            </rightPowerRail>
            <coil localId="59" height="20" width="30" storage="set" negated="false">
              <position x="640" y="80"/>
              <connectionPointIn>
                <relPosition x="0" y="10"/>
                <connection refLocalId="16">
                  <position x="640" y="90"/>
                  <position x="100" y="90"/>
                </connection>
              </connectionPointIn>
              <connectionPointOut>
                <relPosition x="30" y="10"/>
              </connectionPointOut>
              <variable>C3_working</variable>
            </coil>
            <leftPowerRail localId="2" height="40" width="10">
              <position x="20" y="360"/>
              <connectionPointOut formalParameter="">
                <relPosition x="10" y="20"/>
              </connectionPointOut>
            </leftPowerRail>
            <contact localId="3" height="20" width="30" negated="false">
              <position x="70" y="370"/>
              <connectionPointIn>
                <relPosition x="0" y="10"/>
                <connection refLocalId="2">
                  <position x="70" y="380"/>
                  <position x="30" y="380"/>
                </connection>
              </connectionPointIn>
              <connectionPointOut>
                <relPosition x="30" y="10"/>
              </connectionPointOut>
              <variable>C3_working</variable>
            </contact>
            <inVariable localId="4" height="30" width="70" negated="false">
              <position x="110" y="400"/>
              <connectionPointOut>
                <relPosition x="70" y="20"/>
              </connectionPointOut>
              <expression>T#6000ms</expression>
            </inVariable>
            <block localId="5" width="40" height="60" typeName="TON" instanceName="Timer_conveyor">
              <position x="240" y="360"/>
              <inputVariables>
                <variable formalParameter="IN">
                  <connectionPointIn>
                    <relPosition x="0" y="30"/>
                    <connection refLocalId="3">
                      <position x="240" y="390"/>
                      <position x="170" y="390"/>
                      <position x="170" y="380"/>
                      <position x="100" y="380"/>
                    </connection>
                  </connectionPointIn>
                </variable>
                <variable formalParameter="PT">
                  <connectionPointIn>
                    <relPosition x="0" y="50"/>
                    <connection refLocalId="4">
                      <position x="240" y="410"/>
                      <position x="210" y="410"/>
                      <position x="210" y="420"/>
                      <position x="180" y="420"/>
                    </connection>
                  </connectionPointIn>
                </variable>
              </inputVariables>
              <inOutVariables/>
              <outputVariables>
                <variable formalParameter="Q">
                  <connectionPointOut>
                    <relPosition x="40" y="30"/>
                  </connectionPointOut>
                </variable>
                <variable formalParameter="ET">
                  <connectionPointOut>
                    <relPosition x="40" y="50"/>
                  </connectionPointOut>
                </variable>
              </outputVariables>
            </block>
            <coil localId="8" height="20" width="30" storage="reset" negated="false">
              <position x="640" y="360"/>
              <connectionPointIn>
                <relPosition x="0" y="10"/>
                <connection refLocalId="5" formalParameter="Q">
                  <position x="640" y="370"/>
                  <position x="410" y="370"/>
                  <position x="410" y="390"/>
                  <position x="280" y="390"/>
                </connection>
              </connectionPointIn>
              <connectionPointOut>
                <relPosition x="30" y="10"/>
              </connectionPointOut>
              <variable>C3_working</variable>
            </coil>
            <rightPowerRail localId="6" height="40" width="10">
              <position x="730" y="350"/>
              <connectionPointIn>
                <relPosition x="0" y="20"/>
                <connection refLocalId="8">
                  <position x="730" y="370"/>
                  <position x="670" y="370"/>
                </connection>
              </connectionPointIn>
            </rightPowerRail>
            <leftPowerRail localId="7" height="40" width="10">
              <position x="20" y="110"/>
              <connectionPointOut formalParameter="">
                <relPosition x="10" y="20"/>
              </connectionPointOut>
            </leftPowerRail>
            <contact localId="9" height="20" width="30" negated="true">
              <position x="70" y="120"/>
              <connectionPointIn>
                <relPosition x="0" y="10"/>
                <connection refLocalId="7">
                  <position x="70" y="130"/>
                  <position x="30" y="130"/>
                </connection>
              </connectionPointIn>
              <connectionPointOut>
                <relPosition x="30" y="10"/>
              </connectionPointOut>
              <variable>Main</variable>
            </contact>
            <contact localId="10" height="20" width="30" negated="false">
              <position x="150" y="120"/>
              <connectionPointIn>
                <relPosition x="0" y="10"/>
                <connection refLocalId="9">
                  <position x="150" y="130"/>
                  <position x="100" y="130"/>
                </connection>
              </connectionPointIn>
              <connectionPointOut>
                <relPosition x="30" y="10"/>
              </connectionPointOut>
              <variable>C3_working</variable>
            </contact>
            <coil localId="11" height="20" width="30" negated="true">
              <position x="640" y="120"/>
              <connectionPointIn>
                <relPosition x="0" y="10"/>
                <connection refLocalId="10">
                  <position x="640" y="130"/>
                  <position x="180" y="130"/>
                </connection>
              </connectionPointIn>
              <connectionPointOut>
                <relPosition x="30" y="10"/>
              </connectionPointOut>
              <variable>C3_motor</variable>
            </coil>
            <rightPowerRail localId="12" height="40" width="10">
              <position x="730" y="110"/>
              <connectionPointIn>
                <relPosition x="0" y="20"/>
                <connection refLocalId="11">
                  <position x="730" y="130"/>
                  <position x="670" y="130"/>
                </connection>
              </connectionPointIn>
            </rightPowerRail>
            <leftPowerRail localId="18" height="40" width="10">
              <position x="20" y="180"/>
              <connectionPointOut formalParameter="">
                <relPosition x="10" y="20"/>
              </connectionPointOut>
            </leftPowerRail>
            <contact localId="19" height="20" width="30" negated="false">
              <position x="70" y="190"/>
              <connectionPointIn>
                <relPosition x="0" y="10"/>
                <connection refLocalId="18">
                  <position x="70" y="200"/>
                  <position x="30" y="200"/>
                </connection>
              </connectionPointIn>
              <connectionPointOut>
                <relPosition x="30" y="10"/>
              </connectionPointOut>
              <variable>C3_working</variable>
            </contact>
            <contact localId="20" height="20" width="30" negated="true">
              <position x="150" y="190"/>
              <connectionPointIn>
                <relPosition x="0" y="10"/>
                <connection refLocalId="19">
                  <position x="150" y="200"/>
                  <position x="100" y="200"/>
                </connection>
              </connectionPointIn>
              <connectionPointOut>
                <relPosition x="30" y="10"/>
              </connectionPointOut>
              <variable>M2_IR</variable>
            </contact>
            <coil localId="22" height="20" width="30" storage="set" negated="false">
              <position x="640" y="160"/>
              <connectionPointIn>
                <relPosition x="0" y="10"/>
                <connection refLocalId="20">
                  <position x="640" y="170"/>
                  <position x="410" y="170"/>
                  <position x="410" y="200"/>
                  <position x="180" y="200"/>
                </connection>
              </connectionPointIn>
              <connectionPointOut>
                <relPosition x="30" y="10"/>
              </connectionPointOut>
              <variable>M2_working</variable>
            </coil>
            <coil localId="23" height="20" width="30" storage="reset" negated="false">
              <position x="640" y="200"/>
              <connectionPointIn>
                <relPosition x="0" y="10"/>
                <connection refLocalId="20">
                  <position x="640" y="210"/>
                  <position x="410" y="210"/>
                  <position x="410" y="200"/>
                  <position x="180" y="200"/>
                </connection>
              </connectionPointIn>
              <connectionPointOut>
                <relPosition x="30" y="10"/>
              </connectionPointOut>
              <variable>C3_working</variable>
            </coil>
            <rightPowerRail localId="24" height="80" width="10">
              <position x="730" y="150"/>
              <connectionPointIn>
                <relPosition x="0" y="20"/>
                <connection refLocalId="22">
                  <position x="730" y="170"/>
                  <position x="670" y="170"/>
                </connection>
              </connectionPointIn>
              <connectionPointIn>
                <relPosition x="0" y="60"/>
                <connection refLocalId="23">
                  <position x="730" y="210"/>
                  <position x="670" y="210"/>
                </connection>
              </connectionPointIn>
            </rightPowerRail>
            <leftPowerRail localId="25" height="40" width="10">
              <position x="20" y="230"/>
              <connectionPointOut formalParameter="">
                <relPosition x="10" y="20"/>
              </connectionPointOut>
            </leftPowerRail>
            <contact localId="26" height="20" width="30" negated="true">
              <position x="70" y="240"/>
              <connectionPointIn>
                <relPosition x="0" y="10"/>
                <connection refLocalId="25">
                  <position x="70" y="250"/>
                  <position x="30" y="250"/>
                </connection>
              </connectionPointIn>
              <connectionPointOut>
                <relPosition x="30" y="10"/>
              </connectionPointOut>
              <variable>Main</variable>
            </contact>
            <contact localId="27" height="20" width="30" negated="false">
              <position x="180" y="240"/>
              <connectionPointIn>
                <relPosition x="0" y="10"/>
                <connection refLocalId="26">
                  <position x="180" y="250"/>
                  <position x="100" y="250"/>
                </connection>
              </connectionPointIn>
              <connectionPointOut>
                <relPosition x="30" y="10"/>
              </connectionPointOut>
              <variable>M2_working</variable>
            </contact>
            <coil localId="28" height="20" width="30" negated="true">
              <position x="640" y="240"/>
              <connectionPointIn>
                <relPosition x="0" y="10"/>
                <connection refLocalId="27">
                  <position x="640" y="250"/>
                  <position x="210" y="250"/>
                </connection>
              </connectionPointIn>
              <connectionPointOut>
                <relPosition x="30" y="10"/>
              </connectionPointOut>
              <variable>M2_motor</variable>
            </coil>
            <rightPowerRail localId="29" height="40" width="10">
              <position x="730" y="230"/>
              <connectionPointIn>
                <relPosition x="0" y="20"/>
                <connection refLocalId="28">
                  <position x="730" y="250"/>
                  <position x="670" y="250"/>
                </connection>
              </connectionPointIn>
            </rightPowerRail>
            <leftPowerRail localId="30" height="40" width="10">
              <position x="20" y="280"/>
              <connectionPointOut formalParameter="">
                <relPosition x="10" y="20"/>
              </connectionPointOut>
            </leftPowerRail>
            <contact localId="31" height="20" width="30" negated="false">
              <position x="70" y="290"/>
              <connectionPointIn>
                <relPosition x="0" y="10"/>
                <connection refLocalId="30">
                  <position x="70" y="300"/>
                  <position x="30" y="300"/>
                </connection>
              </connectionPointIn>
              <connectionPointOut>
                <relPosition x="30" y="10"/>
              </connectionPointOut>
              <variable>M2_working</variable>
            </contact>
            <inVariable localId="32" height="30" width="70" negated="false">
              <position x="130" y="320"/>
              <connectionPointOut>
                <relPosition x="70" y="20"/>
              </connectionPointOut>
              <expression>T#3000ms</expression>
            </inVariable>
            <block localId="33" width="40" height="60" typeName="TON" instanceName="Timer_machining">
              <position x="250" y="270"/>
              <inputVariables>
                <variable formalParameter="IN">
                  <connectionPointIn>
                    <relPosition x="0" y="30"/>
                    <connection refLocalId="31">
                      <position x="250" y="300"/>
                      <position x="100" y="300"/>
                    </connection>
                  </connectionPointIn>
                </variable>
                <variable formalParameter="PT">
                  <connectionPointIn>
                    <relPosition x="0" y="50"/>
                    <connection refLocalId="32">
                      <position x="250" y="320"/>
                      <position x="215" y="320"/>
                      <position x="215" y="340"/>
                      <position x="200" y="340"/>
                    </connection>
                  </connectionPointIn>
                </variable>
              </inputVariables>
              <inOutVariables/>
              <outputVariables>
                <variable formalParameter="Q">
                  <connectionPointOut>
                    <relPosition x="40" y="30"/>
                  </connectionPointOut>
                </variable>
                <variable formalParameter="ET">
                  <connectionPointOut>
                    <relPosition x="40" y="50"/>
                  </connectionPointOut>
                </variable>
              </outputVariables>
            </block>
            <coil localId="34" height="20" width="30" storage="set" negated="false">
              <position x="640" y="280"/>
              <connectionPointIn>
                <relPosition x="0" y="10"/>
                <connection refLocalId="33" formalParameter="Q">
                  <position x="640" y="290"/>
                  <position x="410" y="290"/>
                  <position x="410" y="300"/>
                  <position x="290" y="300"/>
                </connection>
              </connectionPointIn>
              <connectionPointOut>
                <relPosition x="30" y="10"/>
              </connectionPointOut>
              <variable>C3_working</variable>
            </coil>
            <rightPowerRail localId="36" height="80" width="10">
              <position x="730" y="270"/>
              <connectionPointIn>
                <relPosition x="0" y="20"/>
                <connection refLocalId="34">
                  <position x="730" y="290"/>
                  <position x="670" y="290"/>
                </connection>
              </connectionPointIn>
              <connectionPointIn>
                <relPosition x="0" y="60"/>
                <connection refLocalId="35">
                  <position x="730" y="330"/>
                  <position x="670" y="330"/>
                </connection>
              </connectionPointIn>
            </rightPowerRail>
            <coil localId="35" height="20" width="30" storage="reset" negated="false">
              <position x="640" y="320"/>
              <connectionPointIn>
                <relPosition x="0" y="10"/>
                <connection refLocalId="33" formalParameter="Q">
                  <position x="640" y="330"/>
                  <position x="410" y="330"/>
                  <position x="410" y="300"/>
                  <position x="290" y="300"/>
                </connection>
              </connectionPointIn>
              <connectionPointOut>
                <relPosition x="30" y="10"/>
              </connectionPointOut>
              <variable>M2_working</variable>
            </coil>
            <leftPowerRail localId="40" height="40" width="10" executionOrderId="0">
              <position x="20" y="450"/>
              <connectionPointOut formalParameter="">
                <relPosition x="10" y="20"/>
              </connectionPointOut>
            </leftPowerRail>
            <block localId="41" typeName="BOOL_TO_DINT" height="60" width="90" executionOrderId="0">
              <position x="178" y="440"/>
              <inputVariables>
                <variable formalParameter="EN">
                  <connectionPointIn>
                    <relPosition x="0" y="30"/>
                    <connection refLocalId="40">
                      <position x="178" y="470"/>
                      <position x="30" y="470"/>
                    </connection>
                  </connectionPointIn>
                </variable>
                <variable formalParameter="IN">
                  <connectionPointIn>
                    <relPosition x="0" y="50"/>
                    <connection refLocalId="43">
                      <position x="178" y="490"/>
                      <position x="160" y="490"/>
                      <position x="160" y="510"/>
                      <position x="150" y="510"/>
                    </connection>
                  </connectionPointIn>
                </variable>
              </inputVariables>
              <inOutVariables/>
              <outputVariables>
                <variable formalParameter="ENO">
                  <connectionPointOut>
                    <relPosition x="90" y="30"/>
                  </connectionPointOut>
                </variable>
                <variable formalParameter="OUT">
                  <connectionPointOut>
                    <relPosition x="90" y="50"/>
                  </connectionPointOut>
                </variable>
              </outputVariables>
            </block>
            <outVariable localId="42" height="30" width="90" negated="false" executionOrderId="0">
              <position x="320" y="490"/>
              <connectionPointIn>
                <relPosition x="0" y="20"/>
                <connection refLocalId="41" formalParameter="OUT">
                  <position x="320" y="510"/>
                  <position x="294" y="510"/>
                  <position x="294" y="490"/>
                  <position x="268" y="490"/>
                </connection>
              </connectionPointIn>
              <expression>C3_working_int</expression>
            </outVariable>
            <inVariable localId="43" height="30" width="70" negated="false" executionOrderId="0">
              <position x="80" y="490"/>
              <connectionPointOut>
                <relPosition x="70" y="20"/>
              </connectionPointOut>
              <expression>C3_working</expression>
            </inVariable>
            <rightPowerRail localId="44" height="40" width="10" executionOrderId="0">
              <position x="438" y="450"/>
              <connectionPointIn>
                <relPosition x="0" y="20"/>
                <connection refLocalId="41" formalParameter="ENO">
                  <position x="438" y="470"/>
                  <position x="268" y="470"/>
                </connection>
              </connectionPointIn>
            </rightPowerRail>
            <leftPowerRail localId="50" height="40" width="10" executionOrderId="0">
              <position x="20" y="530"/>
              <connectionPointOut formalParameter="">
                <relPosition x="10" y="20"/>
              </connectionPointOut>
            </leftPowerRail>
            <block localId="51" typeName="BOOL_TO_DINT" height="60" width="90" executionOrderId="0">
              <position x="178" y="520"/>
              <inputVariables>
                <variable formalParameter="EN">
                  <connectionPointIn>
                    <relPosition x="0" y="30"/>
                    <connection refLocalId="50">
                      <position x="178" y="550"/>
                      <position x="30" y="550"/>
                    </connection>
                  </connectionPointIn>
                </variable>
                <variable formalParameter="IN">
                  <connectionPointIn>
                    <relPosition x="0" y="50"/>
                    <connection refLocalId="53">
                      <position x="178" y="570"/>
                      <position x="160" y="570"/>
                      <position x="160" y="590"/>
                      <position x="150" y="590"/>
                    </connection>
                  </connectionPointIn>
                </variable>
              </inputVariables>
              <inOutVariables/>
              <outputVariables>
                <variable formalParameter="ENO">
                  <connectionPointOut>
                    <relPosition x="90" y="30"/>
                  </connectionPointOut>
                </variable>
                <variable formalParameter="OUT">
                  <connectionPointOut>
                    <relPosition x="90" y="50"/>
                  </connectionPointOut>
                </variable>
              </outputVariables>
            </block>
            <outVariable localId="52" height="30" width="90" negated="false" executionOrderId="0">
              <position x="320" y="570"/>
              <connectionPointIn>
                <relPosition x="0" y="20"/>
                <connection refLocalId="51" formalParameter="OUT">
                  <position x="320" y="590"/>
                  <position x="294" y="590"/>
                  <position x="294" y="570"/>
                  <position x="268" y="570"/>
                </connection>
              </connectionPointIn>
              <expression>M2_working_int</expression>
            </outVariable>
            <inVariable localId="53" height="30" width="70" negated="false" executionOrderId="0">
              <position x="80" y="570"/>
              <connectionPointOut>
                <relPosition x="70" y="20"/>
              </connectionPointOut>
              <expression>M2_working</expression>
            </inVariable>
            <rightPowerRail localId="54" height="40" width="10" executionOrderId="0">
              <position x="438" y="530"/>
              <connectionPointIn>
                <relPosition x="0" y="20"/>
                <connection refLocalId="51" formalParameter="ENO">
                  <position x="438" y="550"/>
                  <position x="268" y="550"/>
                </connection>
              </connectionPointIn>
            </rightPowerRail>
          </LD>
        </body>
      </pou>
    </pous>
  </types>
  <instances>
    <configurations>
      <configuration name="Config0">
        <resource name="Res0">
          <task name="TaskMain" interval="T#50ms" priority="0">
            <pouInstance name="Inst0" typeName="Cell3"/>
          </task>
        </resource>
      </configuration>
    </configurations>
  </instances>
</project>
