<?xml version='1.0' encoding='utf-8'?>
<project xmlns:xsi="http://www.w3.org/2001/XMLSchema-instance" xmlns="http://www.plcopen.org/xml/tc6_0201" xmlns:xhtml="http://www.w3.org/1999/xhtml" xsi:schemaLocation="http://www.plcopen.org/xml/tc6_0201">
  <fileHeader companyName="Blank" productName="Blank" productVersion="1.0" creationDateTime="2016-05-18T21:14:07"/>
  <contentHeader name="Blank Project" modificationDateTime="2016-12-06T23:54:25">
    <coordinateInfo>
      <fbd>
        <scaling x="10" y="10"/>
      </fbd>
      <ld>
        <scaling x="10" y="10"/>
      </ld>
      <sfc>
        <scaling x="10" y="10"/>
      </sfc>
    </coordinateInfo>
  </contentHeader>
  <types>
    <dataTypes/>
    <pous>
      <pou name="Cell4" pouType="program">
        <interface>
          <localVars>
            <variable name="R2_front" address="%IX0.2">
              <type>
                <BOOL/>
              </type>
              <initialValue>
                <simpleValue value="true"/>
              </initialValue>
            </variable>
            <variable name="R2_rear" address="%IX0.3">
              <type>
                <BOOL/>
              </type>
              <initialValue>
                <simpleValue value="true"/>
              </initialValue>
            </variable>
            <variable name="C4_endIR" address="%IX0.4">
              <type>
                <BOOL/>
              </type>
              <initialValue>
                <simpleValue value="true"/>
              </initialValue>
            </variable>
            <variable name="C3_IR" address="%IX0.5">
              <type>
                <BOOL/>
              </type>
              <initialValue>
                <simpleValue value="true"/>
              </initialValue>
            </variable>
            <variable name="Main" address="%IX0.6">
              <type>
                <BOOL/>
              </type>
              <initialValue>
                <simpleValue value="false"/>
              </initialValue>
            </variable>
            <variable name="R2_fwd_motor" address="%QX0.2">
              <type>
                <BOOL/>
              </type>
              <initialValue>
                <simpleValue value="true"/>
              </initialValue>
            </variable>
            <variable name="R2_bwd_motor" address="%QX0.3">
              <type>
                <BOOL/>
              </type>
              <initialValue>
                <simpleValue value="true"/>
              </initialValue>
            </variable>
            <variable name="C4_motor" address="%QX0.4">
              <type>
                <BOOL/>
              </type>
              <initialValue>
                <simpleValue value="true"/>
              </initialValue>
            </variable>
          </localVars>
          <localVars>
            <variable name="C4_working">
              <type>
                <BOOL/>
              </type>
              <initialValue>
                <simpleValue value="false"/>
              </initialValue>
            </variable>
          </localVars>
          <localVars>
            <variable name="C4_working_int" address="%MD1">
              <type>
                <DINT/>
              </type>
              <initialValue>
                <simpleValue value="0"/>
              </initialValue>
            </variable>
          </localVars>
          <localVars>
            <variable name="R2_in_transit">
              <type>
                <BOOL/>
              </type>
              <initialValue>
                <simpleValue value="false"/>
              </initialValue>
            </variable>
          </localVars>
          <localVars>
            <variable name="R2_in_transit_int" address="%MD3">
              <type>
                <DINT/>
              </type>
              <initialValue>
                <simpleValue value="0"/>
              </initialValue>
            </variable>
          </localVars>
          <localVars>
            <variable name="R2_fwd">
              <type>
                <BOOL/>
              </type>
              <initialValue>
                <simpleValue value="false"/>
              </initialValue>
            </variable>
          </localVars>
          <localVars>
            <variable name="R2_fwd_int" address="%MD4">
              <type>
                <DINT/>
              </type>
              <initialValue>
                <simpleValue value="0"/>
              </initialValue>
            </variable>
          </localVars>
          <localVars>
            <variable name="R2_bwd">
              <type>
                <BOOL/>
              </type>
              <initialValue>
                <simpleValue value="false"/>
              </initialValue>
            </variable>
          </localVars>
          <localVars>
            <variable name="R2_bwd_int" address="%MD5">
              <type>
                <DINT/>
              </type>
              <initialValue>
                <simpleValue value="0"/>
              </initialValue>
            </variable>
          </localVars>
          <localVars>
            <variable name="Timer_in_transit">
              <type>
                <derived name="TON"/>
              </type>
            </variable>
          </localVars>
        </interface>
        <body>
          <LD>
            <comment localId="1" height="50" width="690">
              <position x="40" y="0"/>
              <content>
                <xhtml:p><![CDATA[Manufacturing cell 4: Conveyor 4 and ram 2
Note: all inputs and outputs wired normally closed]]></xhtml:p>
              </content>
            </comment>
            <leftPowerRail localId="9" height="40" width="10">
              <position x="10" y="230"/>
              <connectionPointOut formalParameter="">
                <relPosition x="10" y="20"/>
              </connectionPointOut>
            </leftPowerRail>
            <rightPowerRail localId="10" height="40" width="10">
              <position x="730" y="230"/>
              <connectionPointIn>
                <relPosition x="0" y="20"/>
                <connection refLocalId="3">
                  <position x="730" y="250"/>
                  <position x="660" y="250"/>
                </connection>
              </connectionPointIn>
            </rightPowerRail>
            <coil localId="3" height="20" width="30" negated="true">
              <position x="630" y="240"/>
              <connectionPointIn>
                <relPosition x="0" y="10"/>
                <connection refLocalId="4">
                  <position x="630" y="250"/>
                  <position x="230" y="250"/>
                </connection>
              </connectionPointIn>
              <connectionPointOut>
                <relPosition x="30" y="10"/>
              </connectionPointOut>
              <variable>R2_fwd_motor</variable>
            </coil>
            <coil localId="14" height="20" width="30" negated="true">
              <position x="630" y="360"/>
              <connectionPointIn>
                <relPosition x="0" y="10"/>
                <connection refLocalId="13">
                  <position x="630" y="370"/>
                  <position x="230" y="370"/>
                </connection>
              </connectionPointIn>
              <connectionPointOut>
                <relPosition x="30" y="10"/>
              </connectionPointOut>
              <variable>R2_bwd_motor</variable>
            </coil>
            <leftPowerRail localId="17" height="40" width="10">
              <position x="10" y="350"/>
              <connectionPointOut formalParameter="">
                <relPosition x="10" y="20"/>
              </connectionPointOut>
            </leftPowerRail>
            <rightPowerRail localId="19" height="40" width="10">
              <position x="730" y="350"/>
              <connectionPointIn>
                <relPosition x="0" y="20"/>
                <connection refLocalId="14">
                  <position x="730" y="370"/>
                  <position x="660" y="370"/>
                </connection>
              </connectionPointIn>
            </rightPowerRail>
            <contact localId="33" height="20" width="30" negated="true">
              <position x="100" y="240"/>
              <connectionPointIn>
                <relPosition x="0" y="10"/>
                <connection refLocalId="9">
                  <position x="100" y="250"/>
                  <position x="20" y="250"/>
                </connection>
              </connectionPointIn>
              <connectionPointOut>
                <relPosition x="30" y="10"/>
              </connectionPointOut>
              <variable>Main</variable>
            </contact>
            <contact localId="34" height="20" width="30" negated="true">
              <position x="100" y="360"/>
              <connectionPointIn>
                <relPosition x="0" y="10"/>
                <connection refLocalId="17">
                  <position x="100" y="370"/>
                  <position x="20" y="370"/>
                </connection>
                <connection refLocalId="17">
                  <position x="100" y="370"/>
                  <position x="20" y="370"/>
                </connection>
              </connectionPointIn>
              <connectionPointOut>
                <relPosition x="30" y="10"/>
              </connectionPointOut>
              <variable>Main</variable>
            </contact>
            <leftPowerRail localId="25" height="40" width="10">
              <position x="10" y="60"/>
              <connectionPointOut formalParameter="">
                <relPosition x="10" y="20"/>
              </connectionPointOut>
            </leftPowerRail>
            <contact localId="38" height="20" width="30" negated="true">
              <position x="90" y="70"/>
              <connectionPointIn>
                <relPosition x="0" y="10"/>
                <connection refLocalId="25">
                  <position x="90" y="80"/>
                  <position x="20" y="80"/>
                </connection>
              </connectionPointIn>
              <connectionPointOut>
                <relPosition x="30" y="10"/>
              </connectionPointOut>
              <variable>C3_IR</variable>
            </contact>
            <coil localId="39" height="20" width="30" storage="set" negated="false">
              <position x="630" y="70"/>
              <connectionPointIn>
                <relPosition x="0" y="10"/>
                <connection refLocalId="38">
                  <position x="630" y="80"/>
                  <position x="120" y="80"/>
                </connection>
              </connectionPointIn>
              <connectionPointOut>
                <relPosition x="30" y="10"/>
              </connectionPointOut>
              <variable>R2_in_transit</variable>
            </coil>
            <rightPowerRail localId="58" height="40" width="10">
              <position x="730" y="60"/>
              <connectionPointIn>
                <relPosition x="0" y="20"/>
                <connection refLocalId="39">
                  <position x="730" y="80"/>
                  <position x="660" y="80"/>
                </connection>
              </connectionPointIn>
            </rightPowerRail>
            <leftPowerRail localId="40" height="40" width="10">
              <position x="10" y="430"/>
              <connectionPointOut formalParameter="">
                <relPosition x="10" y="20"/>
              </connectionPointOut>
            </leftPowerRail>
            <contact localId="41" height="20" width="30" negated="true">
              <position x="100" y="440"/>
              <connectionPointIn>
                <relPosition x="0" y="10"/>
                <connection refLocalId="40">
                  <position x="100" y="450"/>
                  <position x="20" y="450"/>
                </connection>
              </connectionPointIn>
              <connectionPointOut>
                <relPosition x="30" y="10"/>
              </connectionPointOut>
              <variable>Main</variable>
            </contact>
            <contact localId="42" height="20" width="30" negated="false">
              <position x="200" y="440"/>
              <connectionPointIn>
                <relPosition x="0" y="10"/>
                <connection refLocalId="41">
                  <position x="200" y="450"/>
                  <position x="130" y="450"/>
                </connection>
              </connectionPointIn>
              <connectionPointOut>
                <relPosition x="30" y="10"/>
              </connectionPointOut>
              <variable>C4_working</variable>
            </contact>
            <coil localId="43" height="20" width="30" negated="true">
              <position x="630" y="440"/>
              <connectionPointIn>
                <relPosition x="0" y="10"/>
                <connection refLocalId="42">
                  <position x="630" y="450"/>
                  <position x="230" y="450"/>
                </connection>
              </connectionPointIn>
              <connectionPointOut>
                <relPosition x="30" y="10"/>
              </connectionPointOut>
              <variable>C4_motor</variable>
            </coil>
            <rightPowerRail localId="59" height="40" width="10">
              <position x="730" y="430"/>
              <connectionPointIn>
                <relPosition x="0" y="20"/>
                <connection refLocalId="43">
                  <position x="730" y="450"/>
                  <position x="660" y="450"/>
                </connection>
              </connectionPointIn>
            </rightPowerRail>
            <contact localId="4" height="20" width="30" negated="false">
              <position x="200" y="240"/>
              <connectionPointIn>
                <relPosition x="0" y="10"/>
                <connection refLocalId="33">
                  <position x="200" y="250"/>
                  <position x="130" y="250"/>
                </connection>
              </connectionPointIn>
              <connectionPointOut>
                <relPosition x="30" y="10"/>
              </connectionPointOut>
              <variable>R2_fwd</variable>
            </contact>
            <leftPowerRail localId="5" height="40" width="10">
              <position x="10" y="280"/>
              <connectionPointOut formalParameter="">
                <relPosition x="10" y="20"/>
              </connectionPointOut>
            </leftPowerRail>
            <contact localId="6" height="20" width="30" negated="false">
              <position x="100" y="290"/>
              <connectionPointIn>
                <relPosition x="0" y="10"/>
                <connection refLocalId="5">
                  <position x="100" y="300"/>
                  <position x="20" y="300"/>
                </connection>
              </connectionPointIn>
              <connectionPointOut>
                <relPosition x="30" y="10"/>
              </connectionPointOut>
              <variable>R2_fwd</variable>
            </contact>
            <contact localId="7" height="20" width="30" negated="true">
              <position x="200" y="290"/>
              <connectionPointIn>
                <relPosition x="0" y="10"/>
                <connection refLocalId="6">
                  <position x="200" y="300"/>
                  <position x="130" y="300"/>
                </connection>
              </connectionPointIn>
              <connectionPointOut>
                <relPosition x="30" y="10"/>
              </connectionPointOut>
              <variable>R2_front</variable>
            </contact>
            <coil localId="8" height="20" width="30" storage="reset" negated="false">
              <position x="630" y="320"/>
              <connectionPointIn>
                <relPosition x="0" y="10"/>
                <connection refLocalId="7">
                  <position x="630" y="330"/>
                  <position x="390" y="330"/>
                  <position x="390" y="300"/>
                  <position x="230" y="300"/>
                </connection>
              </connectionPointIn>
              <connectionPointOut>
                <relPosition x="30" y="10"/>
              </connectionPointOut>
              <variable>R2_fwd</variable>
            </coil>
            <coil localId="11" height="20" width="30" storage="set" negated="false">
              <position x="630" y="280"/>
              <connectionPointIn>
                <relPosition x="0" y="10"/>
                <connection refLocalId="7">
                  <position x="630" y="290"/>
                  <position x="390" y="290"/>
                  <position x="390" y="300"/>
                  <position x="230" y="300"/>
                </connection>
              </connectionPointIn>
              <connectionPointOut>
                <relPosition x="30" y="10"/>
              </connectionPointOut>
              <variable>R2_bwd</variable>
            </coil>
            <rightPowerRail localId="12" height="80" width="10">
              <position x="730" y="270"/>
              <connectionPointIn>
                <relPosition x="0" y="20"/>
                <connection refLocalId="11">
                  <position x="730" y="290"/>
                  <position x="660" y="290"/>
                </connection>
              </connectionPointIn>
              <connectionPointIn>
                <relPosition x="0" y="60"/>
                <connection refLocalId="8">
                  <position x="730" y="330"/>
                  <position x="660" y="330"/>
                </connection>
              </connectionPointIn>
            </rightPowerRail>
            <contact localId="13" height="20" width="30" negated="false">
              <position x="200" y="360"/>
              <connectionPointIn>
                <relPosition x="0" y="10"/>
                <connection refLocalId="34">
                  <position x="200" y="370"/>
                  <position x="130" y="370"/>
                </connection>
              </connectionPointIn>
              <connectionPointOut>
                <relPosition x="30" y="10"/>
              </connectionPointOut>
              <variable>R2_bwd</variable>
            </contact>
            <leftPowerRail localId="15" height="40" width="10">
              <position x="10" y="390"/>
              <connectionPointOut formalParameter="">
                <relPosition x="10" y="20"/>
              </connectionPointOut>
            </leftPowerRail>
            <contact localId="16" height="20" width="30" negated="false">
              <position x="100" y="400"/>
              <connectionPointIn>
                <relPosition x="0" y="10"/>
                <connection refLocalId="15">
                  <position x="100" y="410"/>
                  <position x="20" y="410"/>
                </connection>
              </connectionPointIn>
              <connectionPointOut>
                <relPosition x="30" y="10"/>
              </connectionPointOut>
              <variable>R2_bwd</variable>
            </contact>
            <contact localId="18" height="20" width="30" negated="true">
              <position x="200" y="400"/>
              <connectionPointIn>
                <relPosition x="0" y="10"/>
                <connection refLocalId="16">
                  <position x="200" y="410"/>
                  <position x="130" y="410"/>
                </connection>
              </connectionPointIn>
              <connectionPointOut>
                <relPosition x="30" y="10"/>
              </connectionPointOut>
              <variable>R2_rear</variable>
            </contact>
            <coil localId="20" height="20" width="30" storage="reset" negated="false">
              <position x="630" y="400"/>
              <connectionPointIn>
                <relPosition x="0" y="10"/>
                <connection refLocalId="18">
                  <position x="630" y="410"/>
                  <position x="230" y="410"/>
                </connection>
              </connectionPointIn>
              <connectionPointOut>
                <relPosition x="30" y="10"/>
              </connectionPointOut>
              <variable>R2_bwd</variable>
            </coil>
            <rightPowerRail localId="21" height="40" width="10">
              <position x="730" y="390"/>
              <connectionPointIn>
                <relPosition x="0" y="20"/>
                <connection refLocalId="20">
                  <position x="730" y="410"/>
                  <position x="660" y="410"/>
                </connection>
              </connectionPointIn>
            </rightPowerRail>
            <coil localId="22" height="20" width="30" storage="reset" negated="false">
              <position x="630" y="200"/>
              <connectionPointIn>
                <relPosition x="0" y="10"/>
                <connection refLocalId="27" formalParameter="Q">
                  <position x="630" y="210"/>
                  <position x="390" y="210"/>
                  <position x="390" y="140"/>
                  <position x="300" y="140"/>
                </connection>
              </connectionPointIn>
              <connectionPointOut>
                <relPosition x="30" y="10"/>
              </connectionPointOut>
              <variable>R2_in_transit</variable>
            </coil>
            <leftPowerRail localId="23" height="40" width="10">
              <position x="10" y="120"/>
              <connectionPointOut formalParameter="">
                <relPosition x="10" y="20"/>
              </connectionPointOut>
            </leftPowerRail>
            <contact localId="26" height="20" width="30" negated="false">
              <position x="90" y="130"/>
              <connectionPointIn>
                <relPosition x="0" y="10"/>
                <connection refLocalId="23">
                  <position x="90" y="140"/>
                  <position x="20" y="140"/>
                </connection>
              </connectionPointIn>
              <connectionPointOut>
                <relPosition x="30" y="10"/>
              </connectionPointOut>
              <variable>R2_in_transit</variable>
            </contact>
            <block localId="27" width="40" height="60" typeName="TON" instanceName="Timer_in_transit">
              <position x="260" y="110"/>
              <inputVariables>
                <variable formalParameter="IN">
                  <connectionPointIn>
                    <relPosition x="0" y="30"/>
                    <connection refLocalId="26">
                      <position x="260" y="140"/>
                      <position x="120" y="140"/>
                    </connection>
                  </connectionPointIn>
                </variable>
                <variable formalParameter="PT">
                  <connectionPointIn>
                    <relPosition x="0" y="50"/>
                    <connection refLocalId="28">
                      <position x="260" y="160"/>
                      <position x="230" y="160"/>
                      <position x="230" y="180"/>
                      <position x="220" y="180"/>
                    </connection>
                  </connectionPointIn>
                </variable>
              </inputVariables>
              <inOutVariables/>
              <outputVariables>
                <variable formalParameter="Q">
                  <connectionPointOut>
                    <relPosition x="40" y="30"/>
                  </connectionPointOut>
                </variable>
                <variable formalParameter="ET">
                  <connectionPointOut>
                    <relPosition x="40" y="50"/>
                  </connectionPointOut>
                </variable>
              </outputVariables>
            </block>
            <inVariable localId="28" height="30" width="70" negated="false">
              <position x="150" y="160"/>
              <connectionPointOut>
                <relPosition x="70" y="20"/>
              </connectionPointOut>
              <expression>T#4500ms</expression>
            </inVariable>
            <coil localId="29" height="20" width="30" storage="set" negated="false">
              <position x="630" y="110"/>
              <connectionPointIn>
                <relPosition x="0" y="10"/>
                <connection refLocalId="27" formalParameter="Q">
                  <position x="630" y="120"/>
                  <position x="390" y="120"/>
                  <position x="390" y="140"/>
                  <position x="300" y="140"/>
                </connection>
              </connectionPointIn>
              <connectionPointOut>
                <relPosition x="30" y="10"/>
              </connectionPointOut>
              <variable>R2_fwd</variable>
            </coil>
            <coil localId="30" height="20" width="30" storage="set" negated="false">
              <position x="630" y="160"/>
              <connectionPointIn>
                <relPosition x="0" y="10"/>
                <connection refLocalId="27" formalParameter="Q">
                  <position x="630" y="170"/>
                  <position x="390" y="170"/>
                  <position x="390" y="140"/>
                  <position x="300" y="140"/>
                </connection>
              </connectionPointIn>
              <connectionPointOut>
                <relPosition x="30" y="10"/>
              </connectionPointOut>
              <variable>C4_working</variable>
            </coil>
            <rightPowerRail localId="31" height="130" width="10">
              <position x="730" y="100"/>
              <connectionPointIn>
                <relPosition x="0" y="20"/>
                <connection refLocalId="29">
                  <position x="730" y="120"/>
                  <position x="660" y="120"/>
                </connection>
              </connectionPointIn>
              <connectionPointIn>
                <relPosition x="0" y="70"/>
                <connection refLocalId="30">
                  <position x="730" y="170"/>
                  <position x="660" y="170"/>
                </connection>
              </connectionPointIn>
              <connectionPointIn>
                <relPosition x="0" y="110"/>
                <connection refLocalId="22">
                  <position x="730" y="210"/>
                  <position x="660" y="210"/>
                </connection>
              </connectionPointIn>
            </rightPowerRail>
            <leftPowerRail localId="2" height="40" width="10">
              <position x="10" y="470"/>
              <connectionPointOut formalParameter="">
                <relPosition x="10" y="20"/>
              </connectionPointOut>
            </leftPowerRail>
            <contact localId="24" height="20" width="30" negated="false">
              <position x="100" y="480"/>
              <connectionPointIn>
                <relPosition x="0" y="10"/>
                <connection refLocalId="2">
                  <position x="100" y="490"/>
                  <position x="20" y="490"/>
                </connection>
              </connectionPointIn>
              <connectionPointOut>
                <relPosition x="30" y="10"/>
              </connectionPointOut>
              <variable>C4_working</variable>
            </contact>
            <contact localId="32" height="20" width="30" negated="true">
              <position x="200" y="480"/>
              <connectionPointIn>
                <relPosition x="0" y="10"/>
                <connection refLocalId="24">
                  <position x="200" y="490"/>
                  <position x="130" y="490"/>
                </connection>
              </connectionPointIn>
              <connectionPointOut>
                <relPosition x="30" y="10"/>
              </connectionPointOut>
              <variable>C4_endIR</variable>
            </contact>
            <coil localId="35" height="20" width="30" storage="reset" negated="false">
              <position x="630" y="480"/>
              <connectionPointIn>
                <relPosition x="0" y="10"/>
                <connection refLocalId="32">
                  <position x="630" y="490"/>
                  <position x="230" y="490"/>
                </connection>
              </connectionPointIn>
              <connectionPointOut>
                <relPosition x="30" y="10"/>
              </connectionPointOut>
              <variable>C4_working</variable>
            </coil>
            <rightPowerRail localId="36" height="40" width="10">
              <position x="730" y="470"/>
              <connectionPointIn>
                <relPosition x="0" y="20"/>
                <connection refLocalId="35">
                  <position x="730" y="490"/>
                  <position x="660" y="490"/>
                </connection>
              </connectionPointIn>
            </rightPowerRail>
            <leftPowerRail localId="48" height="40" width="10" executionOrderId="0">
              <position x="10" y="520"/>
              <connectionPointOut formalParameter="">
                <relPosition x="10" y="20"/>
              </connectionPointOut>
            </leftPowerRail>
            <block localId="49" typeName="BOOL_TO_DINT" height="60" width="90" executionOrderId="0">
              <position x="168" y="510"/>
              <inputVariables>
                <variable formalParameter="EN">
                  <connectionPointIn>
                    <relPosition x="0" y="30"/>
                    <connection refLocalId="48">
                      <position x="168" y="540"/>
                      <position x="20" y="540"/>
                    </connection>
                  </connectionPointIn>
                </variable>
                <variable formalParameter="IN">
                  <connectionPointIn>
                    <relPosition x="0" y="50"/>
                    <connection refLocalId="51">
                      <position x="168" y="560"/>
                      <position x="144" y="560"/>
                      <position x="144" y="580"/>
                      <position x="120" y="580"/>
                    </connection>
                  </connectionPointIn>
                </variable>
              </inputVariables>
              <inOutVariables/>
              <outputVariables>
                <variable formalParameter="ENO">
                  <connectionPointOut>
                    <relPosition x="90" y="30"/>
                  </connectionPointOut>
                </variable>
                <variable formalParameter="OUT">
                  <connectionPointOut>
                    <relPosition x="90" y="50"/>
                  </connectionPointOut>
                </variable>
              </outputVariables>
            </block>
            <outVariable localId="50" height="30" width="90" negated="false" executionOrderId="0">
              <position x="300" y="560"/>
              <connectionPointIn>
                <relPosition x="0" y="20"/>
                <connection refLocalId="49" formalParameter="OUT">
                  <position x="300" y="580"/>
                  <position x="284" y="580"/>
                  <position x="284" y="560"/>
                  <position x="258" y="560"/>
                </connection>
              </connectionPointIn>
              <expression>C4_working_int</expression>
            </outVariable>
            <inVariable localId="51" height="30" width="70" negated="false" executionOrderId="0">
              <position x="50" y="560"/>
              <connectionPointOut>
                <relPosition x="70" y="20"/>
              </connectionPointOut>
              <expression>C4_working</expression>
            </inVariable>
            <leftPowerRail localId="63" height="40" width="10" executionOrderId="0">
              <position x="10" y="600"/>
              <connectionPointOut formalParameter="">
                <relPosition x="10" y="20"/>
              </connectionPointOut>
            </leftPowerRail>
            <block localId="64" typeName="BOOL_TO_DINT" height="60" width="90" executionOrderId="0">
              <position x="168" y="590"/>
              <inputVariables>
                <variable formalParameter="EN">
                  <connectionPointIn>
                    <relPosition x="0" y="30"/>
                    <connection refLocalId="63">
                      <position x="168" y="620"/>
                      <position x="20" y="620"/>
                    </connection>
                  </connectionPointIn>
                </variable>
                <variable formalParameter="IN">
                  <connectionPointIn>
                    <relPosition x="0" y="50"/>
                    <connection refLocalId="56">
                      <position x="168" y="640"/>
                      <position x="144" y="640"/>
                      <position x="144" y="660"/>
                      <position x="120" y="660"/>
                    </connection>
                  </connectionPointIn>
                </variable>
              </inputVariables>
              <inOutVariables/>
              <outputVariables>
                <variable formalParameter="ENO">
                  <connectionPointOut>
                    <relPosition x="90" y="30"/>
                  </connectionPointOut>
                </variable>
                <variable formalParameter="OUT">
                  <connectionPointOut>
                    <relPosition x="90" y="50"/>
                  </connectionPointOut>
                </variable>
              </outputVariables>
            </block>
            <outVariable localId="55" height="30" width="90" negated="false" executionOrderId="0">
              <position x="300" y="640"/>
              <connectionPointIn>
                <relPosition x="0" y="20"/>
                <connection refLocalId="64" formalParameter="OUT">
                  <position x="300" y="660"/>
                  <position x="284" y="660"/>
                  <position x="284" y="640"/>
                  <position x="258" y="640"/>
                </connection>
              </connectionPointIn>
              <expression>R2_in_transit_int</expression>
            </outVariable>
            <inVariable localId="56" height="30" width="70" negated="false" executionOrderId="0">
              <position x="50" y="640"/>
              <connectionPointOut>
                <relPosition x="70" y="20"/>
              </connectionPointOut>
              <expression>R2_in_transit</expression>
            </inVariable>
            <leftPowerRail localId="57" height="40" width="10" executionOrderId="0">
              <position x="10" y="680"/>
              <connectionPointOut formalParameter="">
                <relPosition x="10" y="20"/>
              </connectionPointOut>
            </leftPowerRail>
            <block localId="61" typeName="BOOL_TO_DINT" height="60" width="90" executionOrderId="0">
              <position x="168" y="670"/>
              <inputVariables>
                <variable formalParameter="EN">
                  <connectionPointIn>
                    <relPosition x="0" y="30"/>
                    <connection refLocalId="57">
                      <position x="168" y="700"/>
                      <position x="20" y="700"/>
                    </connection>
                  </connectionPointIn>
                </variable>
                <variable formalParameter="IN">
                  <connectionPointIn>
                    <relPosition x="0" y="50"/>
                    <connection refLocalId="65">
                      <position x="168" y="720"/>
                      <position x="144" y="720"/>
                      <position x="144" y="740"/>
                      <position x="130" y="740"/>
                    </connection>
                  </connectionPointIn>
                </variable>
              </inputVariables>
              <inOutVariables/>
              <outputVariables>
                <variable formalParameter="ENO">
                  <connectionPointOut>
                    <relPosition x="90" y="30"/>
                  </connectionPointOut>
                </variable>
                <variable formalParameter="OUT">
                  <connectionPointOut>
                    <relPosition x="90" y="50"/>
                  </connectionPointOut>
                </variable>
              </outputVariables>
            </block>
            <outVariable localId="62" height="30" width="90" negated="false" executionOrderId="0">
              <position x="300" y="720"/>
              <connectionPointIn>
                <relPosition x="0" y="20"/>
                <connection refLocalId="61" formalParameter="OUT">
                  <position x="300" y="740"/>
                  <position x="284" y="740"/>
                  <position x="284" y="720"/>
                  <position x="258" y="720"/>
                </connection>
              </connectionPointIn>
              <expression>R2_fwd_int</expression>
            </outVariable>
            <inVariable localId="65" height="30" width="80" negated="false" executionOrderId="0">
              <position x="50" y="720"/>
              <connectionPointOut>
                <relPosition x="80" y="20"/>
              </connectionPointOut>
              <expression>R2_fwd</expression>
            </inVariable>
            <leftPowerRail localId="66" height="40" width="10" executionOrderId="0">
              <position x="10" y="760"/>
              <connectionPointOut formalParameter="">
                <relPosition x="10" y="20"/>
              </connectionPointOut>
            </leftPowerRail>
            <block localId="67" typeName="BOOL_TO_DINT" height="60" width="90" executionOrderId="0">
              <position x="168" y="750"/>
              <inputVariables>
                <variable formalParameter="EN">
                  <connectionPointIn>
                    <relPosition x="0" y="30"/>
                    <connection refLocalId="66">
                      <position x="168" y="780"/>
                      <position x="20" y="780"/>
                    </connection>
                  </connectionPointIn>
                </variable>
                <variable formalParameter="IN">
                  <connectionPointIn>
                    <relPosition x="0" y="50"/>
                    <connection refLocalId="70">
                      <position x="168" y="800"/>
                      <position x="144" y="800"/>
                      <position x="144" y="820"/>
                      <position x="130" y="820"/>
                    </connection>
                  </connectionPointIn>
                </variable>
              </inputVariables>
              <inOutVariables/>
              <outputVariables>
                <variable formalParameter="ENO">
                  <connectionPointOut>
                    <relPosition x="90" y="30"/>
                  </connectionPointOut>
                </variable>
                <variable formalParameter="OUT">
                  <connectionPointOut>
                    <relPosition x="90" y="50"/>
                  </connectionPointOut>
                </variable>
              </outputVariables>
            </block>
            <outVariable localId="69" height="30" width="90" negated="false" executionOrderId="0">
              <position x="300" y="800"/>
              <connectionPointIn>
                <relPosition x="0" y="20"/>
                <connection refLocalId="67" formalParameter="OUT">
                  <position x="300" y="820"/>
                  <position x="284" y="820"/>
                  <position x="284" y="800"/>
                  <position x="258" y="800"/>
                </connection>
              </connectionPointIn>
              <expression>R2_bwd_int</expression>
            </outVariable>
            <inVariable localId="70" height="30" width="80" negated="false" executionOrderId="0">
              <position x="50" y="800"/>
              <connectionPointOut>
                <relPosition x="80" y="20"/>
              </connectionPointOut>
              <expression>R2_bwd</expression>
            </inVariable>
            <rightPowerRail localId="100" height="40" width="10" executionOrderId="0">
              <position x="430" y="520"/>
              <connectionPointIn>
                <relPosition x="0" y="20"/>
                <connection refLocalId="49" formalParameter="ENO">
                  <position x="430" y="540"/>
                  <position x="258" y="540"/>
                </connection>
              </connectionPointIn>
            </rightPowerRail>
            <rightPowerRail localId="102" height="40" width="10" executionOrderId="0">
              <position x="430" y="600"/>
              <connectionPointIn>
                <relPosition x="0" y="20"/>
                <connection refLocalId="64" formalParameter="ENO">
                  <position x="430" y="620"/>
                  <position x="258" y="620"/>
                </connection>
              </connectionPointIn>
            </rightPowerRail>
            <rightPowerRail localId="103" height="40" width="10" executionOrderId="0">
              <position x="430" y="680"/>
              <connectionPointIn>
                <relPosition x="0" y="20"/>
                <connection refLocalId="61" formalParameter="ENO">
                  <position x="430" y="700"/>
                  <position x="258" y="700"/>
                </connection>
              </connectionPointIn>
            </rightPowerRail>
            <rightPowerRail localId="104" height="40" width="10" executionOrderId="0">
              <position x="430" y="760"/>
              <connectionPointIn>
                <relPosition x="0" y="20"/>
                <connection refLocalId="67" formalParameter="ENO">
                  <position x="430" y="780"/>
                  <position x="258" y="780"/>
                </connection>
              </connectionPointIn>
            </rightPowerRail>
          </LD>
        </body>
      </pou>
    </pous>
  </types>
  <instances>
    <configurations>
      <configuration name="Config0">
        <resource name="Res0">
          <task name="TaskMain" interval="T#50ms" priority="0">
            <pouInstance name="Inst0" typeName="Cell4"/>
          </task>
        </resource>
      </configuration>
    </configurations>
  </instances>
</project>
